index,Plateform,A-B,Rate,Quantity
0,bittrex,BTC-LTC,0.00972535,0.01916278
1,bittrex,BTC-LTC,0.00970945,0.74510735
2,bittrex,BTC-LTC,0.00970121,0.3
3,bittrex,BTC-LTC,0.0097,57.3002264
4,bittrex,BTC-LTC,0.00969801,0.25
5,bittrex,BTC-LTC,0.009698,36.29340947
6,bittrex,BTC-LTC,0.009693,26.8128
7,bittrex,BTC-LTC,0.00968866,0.18115508
8,bittrex,BTC-LTC,0.00968831,0.075
9,bittrex,BTC-LTC,0.00968572,1.44126824
10,bittrex,BTC-LTC,0.00968571,0.34475944
11,bittrex,BTC-LTC,0.00968014,0.39597774
